{"astro.area":481392.64990328794,"turf.area":1127183.7681159435}