{"astro.area":425257.1428571429,"turf.area":1007983.6702954902}