{"astro.area":9140483.355375595,"turf.area":14788085.750628132}