{"astro.area":365851.99386503076,"turf.area":923524.8447204978}