{"astro.area":660708.2607204312,"turf.area":1554728.4665894182}