{"astro.area":1030980.786538048,"turf.area":2375728.9051940534}