{"astro.area":2526972.026494562,"turf.area":5481848.802395207}