{"astro.area":559789.5542207202,"turf.area":1310711.7601844738}