{"astro.area":813793.1034482761,"turf.area":1866800.846642292}