{"astro.area":1483713.5689227157,"turf.area":3353749.284487695}