{"astro.difference":2865.265760197775,"turf.difference":4966.59751863779}