{"astro.difference":17970.424740491577,"turf.difference":28916.6827015586}