{"astro.difference":4615.436581658504,"turf.difference":7869.5253802455545}