{"astro.difference":3293.05912596401,"turf.difference":5708.613966678483}