{"astro.difference":57636.7962840283,"turf.difference":86512.4237764312}