{"astro.difference":3828.0764830854714,"turf.difference":6643.0234640874105}