{"astro.difference":10503.74639769452,"turf.difference":17575.55430585304}