{"astro.difference":5704.569606801274,"turf.difference":9648.946092146989}