{"astro.difference":7493.967093235834,"turf.difference":12313.664596273296}