{"astro.difference":2482.330097087379,"turf.difference":4527.835051546393}