{"astro.intersect":2979.2429792429793,"turf.intersect":5071.007966747488}