{"astro.intersect":18474.08342081272,"turf.intersect":29307.602339181314}