{"astro.intersect":3431.2318137730404,"turf.intersect":5813.594954449895}