{"astro.intersect":3994.107055164511,"turf.intersect":6707.227911675445}