{"astro.intersect":10939.209726443767,"turf.intersect":17794.392523364488}