{"astro.intersect":7789.588245964082,"turf.intersect":12453.850844964963}