{"astro.intersect":2583.1495368328183,"turf.intersect":4541.882109617373}