{"astro.intersect":4764.181114290523,"turf.intersect":8033.656484360711}