{"astro.intersect":5867.752569323249,"turf.intersect":9672.400897531792}