{"astro.intersect":57698.37364854668,"turf.intersect":88457.6440865194}