{"astro.union":3061.960784313726,"turf.union":5763.327080896278}