{"astro.union":10017.867325603494,"turf.union":17379.130446091694}