{"astro.union":5313.663505444327,"turf.union":9481.038669904725}