{"astro.union":2671.052631578945,"turf.union":4963.553144600779}