{"astro.union":4311.979609175871,"turf.union":7850.8226691042055}