{"astro.union":17378.259565534096,"turf.union":28990.263328674682}