{"astro.union":7059.674502712476,"turf.union":12216.445214712114}