{"astro.union":3583.6526181353765,"turf.union":6623.2830304408735}