{"astro.union":2305.965741287655,"turf.union":4430.396772024211}