{"astro.union":54959.476659710344,"turf.union":87412.66240969498}