{"astro.area":812073.5551663756,"turf.area":247314.2392610888}