{"astro.area":1457916.018662519,"turf.area":463175.8847386468}