{"astro.area":3376945.2449567746,"turf.area":1093566.802404499}