{"astro.area":623276.3643425904,"turf.area":198842.73156489735}