{"astro.area":556992.4462521791,"turf.area":176321.5310967213}