{"astro.area":1166795.665634674,"turf.area":357864.1109299452}