{"astro.area":702112.324492979,"turf.area":227904.26152948063}