{"astro.area":2038247.3745624265,"turf.area":656993.2685115928}