{"astro.area":957915.4305528792,"turf.area":291667.05698672915}