{"astro.area":8793924.766087454,"turf.area":3322564.511501013}