{"astro.difference":11630.21333845858,"turf.difference":2597.8008618572812}