{"astro.difference":3970.707892595607,"turf.difference":1103.7547888930833}