{"astro.difference":8937.394879461788,"turf.difference":2347.5646422128684}