{"astro.difference":6037.46907034288,"turf.difference":1599.7631233873342}