{"astro.difference":7269.028156221615,"turf.difference":1914.2637306007846}