{"astro.difference":79139.20922570013,"turf.difference":19303.596408687485}