{"astro.difference":27320.871073424547,"turf.difference":7011.494252873563}