{"astro.difference":4518.804243008683,"turf.difference":1175.4810376270054}