{"astro.difference":16143.298570876794,"turf.difference":4251.298374937174}