{"astro.difference":5217.4512847042615,"turf.difference":1408.1033470346438}