{"astro.intersect":9221.466364323513,"turf.intersect":2376.736857183785}