{"astro.intersect":4174.508126603935,"turf.intersect":1121.0464662241297}