{"astro.intersect":12084.349003675763,"turf.intersect":3050.7474429582994}