{"astro.intersect":16799.45588806839,"turf.intersect":4294.539116963597}