{"astro.intersect":6328.5302593659935,"turf.intersect":1638.5217482497485}