{"astro.intersect":4740.329575021683,"turf.intersect":1251.1848341232214}