{"astro.intersect":5430.315952704009,"turf.intersect":1392.462251813102}