{"astro.intersect":80855.75477035248,"turf.intersect":20565.755873677288}