{"astro.intersect":7538.06546524458,"turf.intersect":1944.1090555014596}