{"astro.intersect":28169.72034715526,"turf.intersect":6544.322968537759}