{"astro.union":6833.75224416517,"turf.union":1909.879708144349}