{"astro.union":26389.761489237924,"turf.union":7026.637868970482}