{"astro.union":77358.37245696399,"turf.union":20348.07808524423}