{"astro.union":11004.012994458244,"turf.union":2998.463901689709}