{"astro.union":4226.349390597796,"turf.union":1230.6166472440566}