{"astro.union":4889.272758680253,"turf.union":1349.9413004297278}