{"astro.union":5670.641125879597,"turf.union":1616.1992547558332}