{"astro.union":8376.119402985076,"turf.union":2346.507532772455}