{"astro.union":3686.6480538676296,"turf.union":1101.043923576915}