{"astro.union":15305.83657587548,"turf.union":4270.967741935488}