{"astro.area":104896.78063213591,"turf.area":787328.761755486}