{"astro.area":211683.05378831687,"turf.area":1443971.0464068055}