{"astro.area":80446.48079547677,"turf.area":604233.7662337665}