{"astro.area":298987.0940549592,"turf.area":2001562.7688697705}