{"astro.area":2293618.3508601594,"turf.area":8820360.8982774}