{"astro.area":71641.22137404582,"turf.area":542418.2179649376}