{"astro.area":159992.1706791935,"turf.area":1131652.7106150882}