{"astro.area":130267.02997275208,"turf.area":929296.8750000008}