{"astro.area":528615.2735150753,"turf.area":3258858.3504250785}