{"astro.area":91161.70461179216,"turf.area":677426.8867924527}