{"astro.difference":2501.8094089264173,"turf.difference":1723.8245885335898}