{"astro.difference":5597.132616487454,"turf.difference":4459.637840582162}