{"astro.difference":9388.226240861874,"turf.difference":7673.797769244836}