{"astro.difference":2095.619811050673,"turf.difference":1380.421400550129}