{"astro.difference":1783.5218093699511,"turf.difference":1190.0987684428728}