{"astro.difference":3074.015748031496,"turf.difference":2227.1484375000005}