{"astro.difference":29430.20711867075,"turf.difference":21538.987688098492}