{"astro.difference":1558.5351210726444,"turf.difference":1028.7220400502295}