{"astro.difference":1324.1379310344817,"turf.difference":869.2726373082634}