{"astro.difference":3974.8854573222466,"turf.difference":2912.0603015075376}