{"astro.intersect":1371.4627341570363,"turf.intersect":869.0146418678274}