{"astro.intersect":2174.021996380342,"turf.intersect":1416.949575882661}