{"astro.intersect":5719.256623171221,"turf.intersect":4394.873571181157}