{"astro.intersect":1624.339699309223,"turf.intersect":1005.0458243229328}