{"astro.intersect":1849.7316636851497,"turf.intersect":1183.0303030303032}