{"astro.intersect":2567.3044527902507,"turf.intersect":1708.6239156319102}