{"astro.intersect":3185.576624184022,"turf.intersect":2273.4022419566168}