{"astro.intersect":9799.187463726068,"turf.intersect":7359.941144013244}