{"astro.intersect":30439.822551303747,"turf.intersect":20995.103156548124}