{"astro.intersect":4109.127652408219,"turf.intersect":2915.7232704402513}