{"astro.union":2898.858840081288,"turf.union":2179.0638959021157}