{"astro.union":1241.1417322834639,"turf.union":856.8920105355576}