{"astro.union":1953.1160663236135,"turf.union":1281.9875492110032}