{"astro.union":3730.1429046194744,"turf.union":2831.145038167939}