{"astro.union":29224.16526479417,"turf.union":20146.140247495587}