{"astro.union":1656.3714054213565,"turf.union":1190.8247925817473}