{"astro.union":2316.6994106090356,"turf.union":1699.8807506787064}