{"astro.union":5313.6635054443295,"turf.union":4411.053186924487}