{"astro.union":1449.8317830991493,"turf.union":1007.7399380804948}