{"astro.union":9233.680227057712,"turf.union":7417.238183503244}