{"astro.area":816871.5717798375,"turf.area":1907407.29186976}