{"astro.area":481858.6640851886,"turf.area":1139482.3697431157}