{"astro.area":559617.9915138049,"turf.area":1338354.6319673725}