{"astro.area":2524618.9465560513,"turf.area":5544554.657228158}