{"astro.area":1032763.3572472746,"turf.area":2394482.758620691}