{"astro.area":383892.11462820735,"turf.area":924454.649827785}