{"astro.area":1483667.7834727524,"turf.area":3360803.059273425}