{"astro.area":666072.4233983287,"turf.area":1577857.6952822874}