{"astro.area":9234058.983416177,"turf.area":14848165.859329587}