{"astro.area":426484.5624587569,"turf.area":1025161.3010804888}