{"astro.difference":58892.87550008897,"turf.difference":86936.10360024913}