{"astro.difference":3338.057668188589,"turf.difference":5660.456942003515}