{"astro.difference":4672.251666951616,"turf.difference":7856.567874130989}