{"astro.difference":7608.411892675849,"turf.difference":12204.694113120433}