{"astro.difference":18248.094975031305,"turf.difference":28700.303458430288}