{"astro.difference":5793.296089385473,"turf.difference":9587.636840504796}