{"astro.difference":3891.0299003322257,"turf.difference":6601.637593449625}