{"astro.difference":10662.648333019402,"turf.difference":17360.5166106314}