{"astro.difference":2523.86064213916,"turf.difference":4467.056543826266}