{"astro.difference":2914.4121700175547,"turf.difference":4925.861468847894}