{"astro.intersect":5936.739659367398,"turf.intersect":9620.397889221775}