{"astro.intersect":11090.90909090909,"turf.intersect":17628.046787832394}