{"astro.intersect":18846.37923817499,"turf.intersect":29011.970288035063}