{"astro.intersect":4851.559821734658,"turf.intersect":8002.915451895043}