{"astro.intersect":7904.288606662983,"turf.intersect":12337.866309136181}