{"astro.intersect":58724.55052971686,"turf.intersect":88158.90187969744}