{"astro.intersect":2627.187079407806,"turf.intersect":4444.594366672289}