{"astro.intersect":3017.6664725296055,"turf.intersect":5012.676548539826}