{"astro.intersect":4053.468864029803,"turf.intersect":6660.919540229885}