{"astro.intersect":3488.6341558189283,"turf.intersect":5760.6868181005175}