{"astro.union":3614.8148148148143,"turf.union":6532.561505065121}