{"astro.union":3104.819468745029,"turf.union":5707.242698008459}