{"astro.union":56288.1767149322,"turf.union":86628.95621546058}