{"astro.union":4351.16598079561,"turf.union":7787.5793346738155}