{"astro.union":10130.213247782594,"turf.union":17288.617343812046}