{"astro.union":2344.0408285800063,"turf.union":4410.458402173648}