{"astro.union":17524.884235469064,"turf.union":28727.521357753194}