{"astro.union":5394.127806563039,"turf.union":9404.118647269983}