{"astro.union":2687.4713171179437,"turf.union":4859.890109890109}