{"astro.union":7135.806982270155,"turf.union":12110.120201628544}